Name	Completeness	Contamination	Completeness_Model_Used	Translation_Table_Used	Coding_Density	Contig_N50	Average_Gene_Length	Genome_Size	GC_Content	Total_Coding_Sequences	Total_Contigs	Max_Contig_Length	Additional_Notes
13639	9.2	0.2	Neural Network (Specific Model)	11	0.835	19238	242.62060301507537	346034	0.27	398	26	55700	None
276	89.43	1.15	Gradient Boost (General Model)	11	0.872	17390	264.80313725490197	1159445	0.46	1275	92	54770	None
4727	72.43	2.56	Gradient Boost (General Model)	11	0.904	4164	239.7718600953895	998865	0.49	1258	314	17143	None
6142	56.03	0.44	Gradient Boost (General Model)	11	0.886	2490	188.06509357200977	780261	0.5	1229	387	9452	None
9306	82.48	2.14	Gradient Boost (General Model)	11	0.827	13039	277.731884057971	2361581	0.29	2346	254	48638	None
9785	73.1	0.09	Gradient Boost (General Model)	11	0.883	7517	273.17843866171006	745770	0.43	807	134	27557	None
