Name	Completeness	Contamination	Completeness_Model_Used	Translation_Table_Used	Coding_Density	Contig_N50	Average_Gene_Length	Genome_Size	GC_Content	Total_Coding_Sequences	Total_Contigs	Max_Contig_Length	Additional_Notes
SemiBin_0.fa	95.81	6.45	Gradient Boost (General Model)	11	0.881	189714	379.67540360873693	6793807	0.65	5265	74	507525	None
SemiBin_1.fa	14.92	2.39	Neural Network (Specific Model)	11	0.865	5180	167.36279069767443	1241152	0.48	2150	240	70351	None
SemiBin_2.fa	7.22	0.02	Neural Network (Specific Model)	11	0.862	9090	178.7974481658692	388182	0.47	627	58	45790	None
SemiBin_3.fa	80.99	3.99	Gradient Boost (General Model)	11	0.885	5720	271.3666666666667	2534734	0.33	2760	481	27881	None
SemiBin_5.fa	67.96	2.11	Gradient Boost (General Model)	11	0.906	4994	272.2850736707239	1404640	0.34	1561	298	23844	None
SemiBin_7.fa	6.73	0.08	Neural Network (Specific Model)	11	0.72	5008	145.97058823529412	370390	0.35	612	75	16135	None
SemiBin_8.fa	42.33	7.3	Gradient Boost (General Model)	11	0.855	3459	253.78783269961977	1167763	0.38	1315	326	12163	None
