Name	Completeness	Contamination	Completeness_Model_Used	Translation_Table_Used	Coding_Density	Contig_N50	Average_Gene_Length	Genome_Size	GC_Content	Total_Coding_Sequences	Total_Contigs	Max_Contig_Length	Additional_Notes
cluster_1	99.33	0.09	Gradient Boost (General Model)	11	0.893	92986	310.24766923388734	2567267	0.48	2467	67	193303	None
cluster_2	100.0	0.71	Neural Network (Specific Model)	11	0.903	59947	337.7671828307525	4123195	0.49	3681	132	182540	None
cluster_3	93.75	0.49	Neural Network (Specific Model)	11	0.875	31234	314.3699108181466	2775305	0.45	2579	159	91056	None
cluster_4	94.82	1.99	Gradient Boost (General Model)	11	0.887	19614	316.4689416155692	4006235	0.47	3751	337	85386	None
cluster_5	74.32	0.24	Neural Network (Specific Model)	11	0.908	18053	310.0220848056537	2313677	0.47	2264	195	65694	None
cluster_6	72.97	4.72	Neural Network (Specific Model)	11	0.901	7302	219.90800561797752	1039681	0.34	1424	216	39901	None
cluster_7	62.93	11.37	Neural Network (Specific Model)	11	0.873	5482	275.94884712265065	4884360	0.44	5161	1134	64659	None
