Name	Completeness	Contamination	Completeness_Model_Used	Translation_Table_Used	Coding_Density	Contig_N50	Average_Gene_Length	Genome_Size	GC_Content	Total_Coding_Sequences	Total_Contigs	Max_Contig_Length	Additional_Notes
maxbin_6869033.001	79.19	13.42	Neural Network (Specific Model)	11	0.856	5653	218.27193347193347	1833609	0.35	2405	421	84107	None
maxbin_6869033.002	98.96	0.39	Gradient Boost (General Model)	11	0.885	63940	278.3522420313344	3483341	0.49	3702	293	193303	None
maxbin_6869033.003	97.34	1.82	Gradient Boost (General Model)	11	0.884	17578	311.82660443407235	4526326	0.47	4285	443	85386	None
maxbin_6869033.004	29.96	1.19	Neural Network (Specific Model)	11	0.842	2569	204.7277397260274	1696229	0.36	2336	625	81473	None
maxbin_6869033.005	65.61	19.02	Gradient Boost (General Model)	11	0.874	5162	262.6051892470242	6721448	0.43	7477	1591	76755	None
maxbin_6869033.006	92.71	38.76	Neural Network (Specific Model)	11	0.906	35243	319.4390094146541	5155567	0.49	4886	550	182540	None
maxbin_6869033.007	59.22	11.23	Neural Network (Specific Model)	11	0.896	24669	316.9665708123652	2947160	0.46	2782	258	99065	None
maxbin_6869033.008	80.88	7.61	Gradient Boost (General Model)	11	0.875	24523	294.52751091703055	2308393	0.46	2290	225	91056	None
