Name	Completeness	Contamination	Completeness_Model_Used	Translation_Table_Used	Coding_Density	Contig_N50	Average_Gene_Length	Genome_Size	GC_Content	Total_Coding_Sequences	Total_Contigs	Max_Contig_Length	Additional_Notes
SRR6869033_fairy_all_metabat2_short_bin.1	16.48	0.09	Neural Network (Specific Model)	11	0.923	2168	229.87892376681614	498704	0.33	669	230	7424	None
SRR6869033_fairy_all_metabat2_short_bin.2	99.17	0.26	Gradient Boost (General Model)	11	0.9	71913	282.3125763125763	3075157	0.47	3276	184	193303	None
SRR6869033_fairy_all_metabat2_short_bin.3	56.49	2.52	Gradient Boost (General Model)	11	0.877	3750	256.10065851364067	3715722	0.43	4252	1053	36622	None
SRR6869033_fairy_all_metabat2_short_bin.4	49.69	0.05	Gradient Boost (General Model)	11	0.879	21621	314.51919446192574	1702717	0.46	1589	107	85386	None
SRR6869033_fairy_all_metabat2_short_bin.5	14.79	0.02	Neural Network (Specific Model)	11	0.881	22706	337.18116975748933	803925	0.46	701	57	64210	None
SRR6869033_fairy_all_metabat2_short_bin.6	88.54	6.08	Neural Network (Specific Model)	11	0.899	16951	305.9681721733859	3363499	0.46	3299	340	65694	None
SRR6869033_fairy_all_metabat2_short_bin.7	90.43	3.67	Neural Network (Specific Model)	11	0.875	29595	315.20760905214826	3289510	0.45	3049	201	91056	None
SRR6869033_fairy_all_metabat2_short_bin.8	99.99	0.64	Neural Network (Specific Model)	11	0.903	60595	331.33755760368666	3816542	0.49	3472	105	182540	None
SRR6869033_fairy_all_metabat2_short_bin.9	58.12	2.11	Gradient Boost (General Model)	11	0.885	12881	300.22656855151047	2622147	0.47	2582	413	67558	None
