Name	Completeness	Contamination	Completeness_Model_Used	Translation_Table_Used	Coding_Density	Contig_N50	Average_Gene_Length	Genome_Size	GC_Content	Total_Coding_Sequences	Total_Contigs	Max_Contig_Length	Additional_Notes
11567	53.26	0.19	Gradient Boost (General Model)	11	0.907	3744	225.9106901217862	550401	0.49	739	200	11243	None
13776	73.89	0.06	Gradient Boost (General Model)	11	0.857	6370	253.56050955414014	834465	0.48	942	168	18385	None
15449	21.89	0.07	Neural Network (Specific Model)	11	0.898	2310	211.815625	225720	0.45	320	117	8038	None
3507	96.23	0.22	Gradient Boost (General Model)	11	0.861	72055	321.9308211473566	1991830	0.42	1778	54	134155	None
6288	80.52	0.29	Gradient Boost (General Model)	11	0.89	5204	221.01359388275276	874177	0.51	1177	244	22776	None
6425	81.66	0.99	Gradient Boost (General Model)	11	0.89	6078	250.76835236541598	1033653	0.46	1226	243	19642	None
6626	87.88	1.52	Gradient Boost (General Model)	11	0.885	15795	292.2214532871972	1427934	0.43	1445	125	35467	None
7157	96.67	0.25	Gradient Boost (General Model)	11	0.817	47299	296.35332252836304	1341821	0.3	1234	59	123146	None
