Name	Completeness	Contamination	Completeness_Model_Used	Translation_Table_Used	Coding_Density	Contig_N50	Average_Gene_Length	Genome_Size	GC_Content	Total_Coding_Sequences	Total_Contigs	Max_Contig_Length	Additional_Notes
12311	98.22	1.52	Gradient Boost (General Model)	11	0.904	8941	283.9237721021611	2392554	0.48	2545	405	32242	None
32203	88.85	0.9	Neural Network (Specific Model)	11	0.899	26197	297.75577889447237	2958729	0.63	2985	194	62059	None
32254	90.42	0.29	Neural Network (Specific Model)	11	0.903	23637	308.03741314804915	1912671	0.4	1871	124	84184	None
32379	83.14	0.24	Neural Network (Specific Model)	11	0.904	15560	306.6814054480853	2574375	0.48	2533	213	80453	None
35322	73.5	0.0	Neural Network (Specific Model)	11	0.846	26691	308.46764545948884	2007637	0.49	1839	120	65457	None
41892	58.28	0.09	Neural Network (Specific Model)	11	0.911	3140	197.93485617597293	768465	0.35	1182	370	23344	None
42051	83.35	1.94	Neural Network (Specific Model)	11	0.889	20257	314.5223463687151	3035470	0.57	2864	211	48033	None
49357	21.84	0.48	Neural Network (Specific Model)	11	0.913	2417	232.16079295154185	691097	0.47	908	362	9592	None
