Name	Completeness	Contamination	Completeness_Model_Used	Translation_Table_Used	Coding_Density	Contig_N50	Average_Gene_Length	Genome_Size	GC_Content	Total_Coding_Sequences	Total_Contigs	Max_Contig_Length	Additional_Notes
12068	86.73	0.3	Neural Network (Specific Model)	11	0.902	23637	307.1694915254237	1866882	0.4	1829	121	84184	None
14484	92.33	1.57	Neural Network (Specific Model)	11	0.901	24726	296.54835620810724	3088128	0.63	3133	218	62059	None
17434	86.29	0.2	Neural Network (Specific Model)	11	0.903	15952	309.49088699878496	2534910	0.48	2469	206	80453	None
17894	83.54	1.89	Neural Network (Specific Model)	11	0.885	20902	312.85704299196084	3030779	0.57	2861	194	48033	None
18196	41.02	0.3	Neural Network (Specific Model)	11	0.911	4150	210.38130381303813	561572	0.35	813	218	23344	None
22656	75.3	2.21	Gradient Boost (General Model)	11	0.845	25671	303.9601226993865	2107315	0.49	1956	120	65457	None
2579	100.0	1.34	Gradient Boost (General Model)	11	0.903	8872	284.441568627451	2405410	0.48	2550	404	32242	None
