Name	Completeness	Contamination	Completeness_Model_Used	Translation_Table_Used	Coding_Density	Contig_N50	Average_Gene_Length	Genome_Size	GC_Content	Total_Coding_Sequences	Total_Contigs	Max_Contig_Length	Additional_Notes
1	95.23	0.12	Gradient Boost (General Model)	11	0.872	56727	291.2018575851393	1615225	0.34	1615	39	160037	None
11339	64.59	1.41	Neural Network (Specific Model)	11	0.877	10675	264.49479659413436	954565	0.49	1057	127	30090	None
11359	80.84	1.33	Gradient Boost (General Model)	11	0.876	7180	262.94772507260404	926635	0.43	1033	176	26297	None
11468	50.9	2.22	Gradient Boost (General Model)	11	0.887	3406	217.1673640167364	524969	0.46	717	206	8653	None
12949	44.55	0.22	Gradient Boost (General Model)	11	0.884	5216	253.84467713787086	492759	0.33	573	126	16020	None
20000	7.88	0.02	Neural Network (Specific Model)	11	0.905	2503	242.3623595505618	285356	0.65	356	130	7959	None
2494	93.29	0.5	Gradient Boost (General Model)	11	0.886	116710	258.3331090174966	1296739	0.5	1486	16	205784	None
4879	95.71	0.47	Gradient Boost (General Model)	11	0.883	31055	277.55052005943537	1266844	0.49	1346	80	51328	None
