Name	Completeness	Contamination	Completeness_Model_Used	Translation_Table_Used	Coding_Density	Contig_N50	Average_Gene_Length	Genome_Size	GC_Content	Total_Coding_Sequences	Total_Contigs	Max_Contig_Length	Additional_Notes
13043	48.84	0.05	Gradient Boost (General Model)	11	0.852	9505	264.70997375328085	708884	0.49	762	90	25928	None
13049	79.27	0.66	Gradient Boost (General Model)	11	0.881	8624	293.06420021762784	914785	0.43	919	134	31248	None
13076	17.37	0.0	Neural Network (Specific Model)	11	0.889	10529	275.62598425196853	235838	0.47	254	28	25229	None
14190	14.24	0.01	Neural Network (Specific Model)	11	0.844	5236	289.25221238938053	232230	0.33	226	58	13536	None
2683	93.92	0.76	Gradient Boost (General Model)	11	0.871	169659	325.8238747553816	2861702	0.37	2555	22	281433	None
6995	73.35	0.36	Gradient Boost (General Model)	11	0.89	4622	215.45944005743002	1008865	0.51	1393	284	19158	None
7625	17.45	0.68	Neural Network (Specific Model)	11	0.93	1599	188.7468671679198	242116	0.56	399	162	4699	None
8931	79.66	0.41	Gradient Boost (General Model)	11	0.831	10196	257.0135802469136	749247	0.46	810	110	32211	None
