Name	Completeness	Contamination	Completeness_Model_Used	Translation_Table_Used	Coding_Density	Contig_N50	Average_Gene_Length	Genome_Size	GC_Content	Total_Coding_Sequences	Total_Contigs	Max_Contig_Length	Additional_Notes
19526	92.26	0.17	Gradient Boost (General Model)	11	0.889	21555	323.48161869478486	3825015	0.47	3509	255	85386	None
27338	92.49	0.22	Neural Network (Specific Model)	11	0.905	64852	331.51944943147817	3665206	0.48	3342	88	182540	None
27374	82.73	0.33	Neural Network (Specific Model)	11	0.877	32330	317.89467058329836	2586744	0.45	2383	114	91056	None
27968	50.73	0.02	Neural Network (Specific Model)	11	0.906	27080	318.3638832315003	1549843	0.46	1473	70	65694	None
28444	77.48	8.7	Neural Network (Specific Model)	11	0.9	5556	213.20281862745097	1156861	0.35	1632	351	39901	None
28622	6.7	0.01	Neural Network (Specific Model)	11	0.896	25402	275.6543624161074	273955	0.34	298	19	84107	None
31853	3.47	0.0	Neural Network (Specific Model)	11	0.836	28766	378.1939393939394	223679	0.45	165	11	60299	None
4877	100.0	0.01	Gradient Boost (General Model)	11	0.9	107813	321.9167816091954	2330426	0.48	2175	33	193303	None
