Name	Completeness	Contamination	Completeness_Model_Used	Translation_Table_Used	Coding_Density	Contig_N50	Average_Gene_Length	Genome_Size	GC_Content	Total_Coding_Sequences	Total_Contigs	Max_Contig_Length	Additional_Notes
10080	93.22	0.5	Gradient Boost (General Model)	11	0.888	116710	257.7579445571332	1285338	0.5	1479	17	205784	None
12424	71.11	0.41	Neural Network (Specific Model)	11	0.883	10675	266.0720130932897	1102206	0.49	1222	144	30090	None
17143	85.29	1.14	Gradient Boost (General Model)	11	0.866	6332	256.7231638418079	1254595	0.43	1416	286	26297	None
17245	62.93	2.42	Gradient Boost (General Model)	11	0.883	3237	217.23684210526315	670886	0.45	912	271	8653	None
17711	79.23	0.07	Gradient Boost (General Model)	11	0.881	4705	245.60262008733625	764736	0.33	916	223	16020	None
4737	95.14	0.11	Gradient Boost (General Model)	11	0.872	56727	291.34080996884734	1606438	0.34	1605	39	160037	None
8261	94.17	0.49	Gradient Boost (General Model)	11	0.884	29972	278.56345565749234	1233163	0.49	1308	80	51328	None
