Name	Completeness	Contamination	Completeness_Model_Used	Translation_Table_Used	Coding_Density	Contig_N50	Average_Gene_Length	Genome_Size	GC_Content	Total_Coding_Sequences	Total_Contigs	Max_Contig_Length	Additional_Notes
12405	69.32	1.02	Gradient Boost (General Model)	11	0.826	13108	264.1066066066066	637376	0.46	666	70	26842	None
15183	35.82	0.34	Neural Network (Specific Model)	11	0.922	3120	213.90501792114696	386986	0.54	558	141	9864	None
15230	25.52	0.3	Neural Network (Specific Model)	11	0.924	5344	264.6632911392405	337931	0.43	395	82	15112	None
308	91.08	0.41	Gradient Boost (General Model)	11	0.887	28966	248.2647951441578	1104168	0.51	1318	75	66876	None
7525	95.19	1.03	Gradient Boost (General Model)	11	0.874	31305	291.66960784313727	1019719	0.33	1020	64	83219	Low confidence prediction - substantial (27%) disagreement between completeness prediction models
8636	52.02	1.3	Gradient Boost (General Model)	11	0.885	3646	231.4313909774436	832260	0.46	1064	302	10626	None
