Name	Completeness	Contamination	Completeness_Model_Used	Translation_Table_Used	Coding_Density	Contig_N50	Average_Gene_Length	Genome_Size	GC_Content	Total_Coding_Sequences	Total_Contigs	Max_Contig_Length	Additional_Notes
cluster_1	99.33	0.08	Gradient Boost (General Model)	11	0.892	92986	309.17632850241546	2578675	0.48	2484	66	193303	None
cluster_2	91.59	0.25	Gradient Boost (General Model)	11	0.889	21031	317.0299600532623	3209373	0.47	3004	249	85386	None
cluster_3	94.47	0.45	Neural Network (Specific Model)	11	0.906	62481	338.02207180694523	3797779	0.49	3398	123	182540	None
cluster_4	80.03	0.69	Neural Network (Specific Model)	11	0.876	32330	309.83856298317414	2330839	0.46	2199	146	91056	None
cluster_5	52.1	3.42	Neural Network (Specific Model)	11	0.905	18046	301.49355797819624	2013822	0.47	2018	228	65694	None
cluster_6	74.78	8.29	Neural Network (Specific Model)	11	0.9	7964	220.64837786259542	1536806	0.34	2096	305	84107	None
cluster_7	69.46	16.36	Neural Network (Specific Model)	11	0.874	6466	285.3236188092258	5467196	0.44	5593	1163	64659	None
