Name	Completeness	Contamination	Completeness_Model_Used	Translation_Table_Used	Coding_Density	Contig_N50	Average_Gene_Length	Genome_Size	GC_Content	Total_Coding_Sequences	Total_Contigs	Max_Contig_Length	Additional_Notes
SRR6869033_fairy_all_metabat2_short_bin.1	75.91	8.5	Neural Network (Specific Model)	11	0.904	7087	219.78566599053414	1075336	0.35	1479	230	39901	None
SRR6869033_fairy_all_metabat2_short_bin.2	97.19	1.67	Gradient Boost (General Model)	11	0.884	17578	316.16584158415844	4761252	0.47	4444	440	85386	None
SRR6869033_fairy_all_metabat2_short_bin.3	99.77	4.27	Neural Network (Specific Model)	11	0.903	58501	332.3339401820546	4239822	0.49	3845	169	182540	None
SRR6869033_fairy_all_metabat2_short_bin.4	8.83	0.48	Neural Network (Specific Model)	11	0.922	2151	232.24413145539907	321159	0.35	426	148	6345	None
SRR6869033_fairy_all_metabat2_short_bin.5	91.14	4.66	Neural Network (Specific Model)	11	0.874	28952	313.0909673286355	3348491	0.45	3122	215	91056	None
SRR6869033_fairy_all_metabat2_short_bin.6	99.38	0.08	Gradient Boost (General Model)	11	0.899	92986	310.2998790810157	2566197	0.48	2481	59	193303	None
SRR6869033_fairy_all_metabat2_short_bin.7	76.55	4.24	Neural Network (Specific Model)	11	0.906	18046	305.02153484729837	2574541	0.47	2554	283	65694	None
SRR6869033_fairy_all_metabat2_short_bin.8	7.68	0.08	Neural Network (Specific Model)	11	0.924	18617	227.9016393442623	269555	0.35	366	30	84107	None
SRR6869033_fairy_all_metabat2_short_bin.9	68.33	10.12	Gradient Boost (General Model)	11	0.871	4179	260.9389629096147	4983770	0.43	5554	1294	64659	None
