Name	Completeness	Contamination	Completeness_Model_Used	Translation_Table_Used	Coding_Density	Contig_N50	Average_Gene_Length	Genome_Size	GC_Content	Total_Coding_Sequences	Total_Contigs	Max_Contig_Length	Additional_Notes
SRR6869033_fairy_single_metabat2_short_bin.1	99.65	1.45	Neural Network (Specific Model)	11	0.903	60595	332.6226254607315	3890963	0.48	3527	115	182540	None
SRR6869033_fairy_single_metabat2_short_bin.2	42.71	0.0	Neural Network (Specific Model)	11	0.908	14143	237.20866773675763	487053	0.35	623	53	39901	None
SRR6869033_fairy_single_metabat2_short_bin.3	86.78	3.65	Neural Network (Specific Model)	11	0.901	17854	307.65508528111184	3238488	0.46	3166	281	65694	None
SRR6869033_fairy_single_metabat2_short_bin.4	18.91	0.1	Neural Network (Specific Model)	11	0.911	2171	218.52611464968152	563210	0.33	785	257	7424	None
SRR6869033_fairy_single_metabat2_short_bin.5	97.71	2.72	Gradient Boost (General Model)	11	0.878	17447	320.93861558554636	5027293	0.46	4594	414	85386	None
SRR6869033_fairy_single_metabat2_short_bin.6	89.36	1.12	Neural Network (Specific Model)	11	0.874	29595	316.4483493077742	3056444	0.45	2817	169	91056	None
SRR6869033_fairy_single_metabat2_short_bin.7	39.62	0.27	Neural Network (Specific Model)	11	0.901	3984	206.53603034134008	542250	0.34	791	156	30333	None
SRR6869033_fairy_single_metabat2_short_bin.8	49.08	2.35	Gradient Boost (General Model)	11	0.883	3574	249.0920177383592	3047997	0.43	3608	907	24135	None
SRR6869033_fairy_single_metabat2_short_bin.9	99.35	0.0	Gradient Boost (General Model)	11	0.898	92986	319.5548780487805	2448731	0.48	2296	37	193303	None
