Name	Completeness	Contamination	Completeness_Model_Used	Translation_Table_Used	Coding_Density	Contig_N50	Average_Gene_Length	Genome_Size	GC_Content	Total_Coding_Sequences	Total_Contigs	Max_Contig_Length	Additional_Notes
maxbin_6869037.001	84.44	3.77	Gradient Boost (General Model)	11	0.829	3579	261.92305719415236	3682935	0.49	3899	1167	33648	None
maxbin_6869037.002	76.79	28.61	Neural Network (Specific Model)	11	0.856	5461	211.03118752499	1845282	0.34	2501	430	38288	None
maxbin_6869037.003	51.87	15.11	Neural Network (Specific Model)	11	0.858	3441	230.01554726368158	1289637	0.37	1608	399	17002	None
maxbin_6869037.004	44.76	6.23	Neural Network (Specific Model)	4	0.74	2648	205.87437365783822	2311332	0.42	2794	874	37748	None
