Name	Completeness	Contamination	Completeness_Model_Used	Translation_Table_Used	Coding_Density	Contig_N50	Average_Gene_Length	Genome_Size	GC_Content	Total_Coding_Sequences	Total_Contigs	Max_Contig_Length	Additional_Notes
DRR310873_fairy_single_metabat2_short_bin.1	58.42	3.76	Gradient Boost (General Model)	11	0.876	3234	216.21350364963504	808701	0.45	1096	267	11761	None
DRR310873_fairy_single_metabat2_short_bin.2	95.65	0.9	Gradient Boost (General Model)	11	0.863	46232	270.7354523227384	1919956	0.34	2045	102	160037	None
DRR310873_fairy_single_metabat2_short_bin.3	98.15	56.83	Gradient Boost (General Model)	11	0.847	2860	229.0764538857924	7695347	0.34	9509	2750	28357	None
DRR310873_fairy_single_metabat2_short_bin.4	39.12	0.84	Neural Network (Specific Model)	11	0.899	2531	259.29378531073445	1681145	0.64	1947	665	8701	None
DRR310873_fairy_single_metabat2_short_bin.5	46.5	0.89	Gradient Boost (General Model)	11	0.926	2651	218.92307692307693	275775	0.33	390	103	10041	None
DRR310873_fairy_single_metabat2_short_bin.6	91.82	0.26	Gradient Boost (General Model)	11	0.887	116710	254.71007853403142	1313000	0.5	1528	22	205784	None
DRR310873_fairy_single_metabat2_short_bin.7	92.71	11.66	Gradient Boost (General Model)	11	0.882	16685	247.201722574796	1850410	0.49	2206	212	51328	None
DRR310873_fairy_single_metabat2_short_bin.8	83.89	26.47	Gradient Boost (General Model)	11	0.875	5188	223.83767974652693	3140059	0.49	4103	720	36885	None
DRR310873_fairy_single_metabat2_short_bin.9	83.58	3.08	Gradient Boost (General Model)	11	0.86	5660	247.15910200097608	1760023	0.42	2049	375	26297	None
